Row Labels,Average of MarathonTime
M40,3.348666667
M45,3.25
M50,3.2325
M55,3.373333333
MAM,3.311
WAM,3.3475
(blank),3.483333333
Grand Total,3.31908046